Username,User_ID,Phone
aeilhertsen0,1,538-842-9017
tollington1,2,888-120-4562
ksexty2,3,513-984-7393
pschultheiss3,4,984-221-3752
tpavyer4,5,245-839-0311
mbuncom5,6,805-295-0141
lrupke6,7,897-619-9161
ffysh7,8,110-732-3154
smabee8,9,521-987-9212
bworge9,10,426-577-9538
dcruickshanka,11,769-226-7118
evasyaevb,12,532-539-2685
ggriersonc,13,647-587-3929
dbuffeyd,14,254-459-7540
shirtzmanne,15,708-357-2548
hnencif,16,153-810-9628
aclearg,17,956-877-0286
rcleminshawh,18,201-134-0191
bqueenboroughi,19,395-243-8179
ecromptonj,20,792-811-8300
wobink,21,418-139-4658
lshiptonl,22,743-568-1507
dkidsleym,23,408-992-1286
nbattilln,24,252-926-0926
ssmylieo,25,830-321-2859
fchamanp,26,210-443-9916
jgilvaryq,27,308-472-1744
dkillockr,28,922-965-7190
acockshuts,29,495-944-7529
bkilbornt,30,791-763-4826
bmckinneyu,31,103-706-3246
mbussettiv,32,688-587-8193
cgellanw,33,739-822-8019
hpollettx,34,334-287-8523
jchurlyy,35,539-246-3722
rogaraz,36,988-247-2737
veastop10,37,417-848-7486
nalven11,38,586-157-2919
ajedraszek12,39,651-796-1351
tlindeman13,40,805-629-0208
astarbeck14,41,605-422-4235
aagglio15,42,344-370-5170
bhitscher16,43,210-995-6705
jspaunton17,44,766-919-9331
crasor18,45,818-647-4851
chaylands19,46,822-739-1287
hmenlow1a,47,690-719-9388
bfretson1b,48,656-682-5753
flongland1c,49,959-876-8814
kschneidar1d,50,881-211-6027
kperkis1e,51,807-593-0591
lmactavish1f,52,772-206-5089
slemarchant1g,53,158-666-3862
mhilling1h,54,223-907-8298
nlissenden1i,55,425-353-6473
vschofield1j,56,107-791-9751
rrenahan1k,57,708-383-9595
omcconnel1l,58,688-962-1213
cechallie1m,59,869-237-2916
sgateshill1n,60,756-166-8451
ccordier1o,61,479-521-1615
cprinnett1p,62,483-179-4783
vjennins1q,63,982-307-1489
lridgers1r,64,286-546-2353
bbardwall1s,65,739-746-1908
rdutnell1t,66,503-166-7827
otheriot1u,67,229-970-4458
dwenman1v,68,109-617-2557
lburgon1w,69,136-407-2038
hsharpe1x,70,338-515-9467
cbalducci1y,71,144-144-9670
sphysic1z,72,754-740-2542
gskerrett20,73,490-992-6864
gnudde21,74,419-876-6666
bjikylls22,75,635-578-4021
kmitton23,76,477-453-4482
smeighan24,77,918-701-0532
rstolli25,78,934-866-9910
lmolfino26,79,197-236-4633
aeddolls27,80,259-788-2393
dcapini28,81,185-456-9650
ofitzsymon29,82,326-541-7051
vmitchiner2a,83,767-932-4478
mvigietti2b,84,382-586-6318
tcolleran2c,85,705-565-1826
ztee2d,86,711-240-0454
heat2e,87,436-425-6022
bhare2f,88,659-707-6258
afursse2g,89,279-363-4068
raxcel2h,90,358-404-2987
rhannay2i,91,927-812-2874
lbraker2j,92,338-268-9587
hbeddoe2k,93,951-696-8839
eofogerty2l,94,808-955-0304
eworswick2m,95,658-209-5408
bfoster2n,96,715-616-5614
mharlin2o,97,278-288-3737
lvakhrushin2p,98,989-894-9723
joppie2q,99,464-237-5501
lblasik2r,100,540-857-1877
aakess2s,101,583-964-1384
lwilflinger2t,102,980-492-1786
dsimonetto2u,103,373-769-5434
jwilkowski2v,104,971-329-9627
mrazoux2w,105,980-560-2877
lconyard2x,106,670-495-4914
eperigo2y,107,961-823-7805
ndann2z,108,968-240-0843
analdrett30,109,700-194-8271
ilys31,110,199-445-8570
wstaubyn32,111,787-627-9576
mbatham33,112,182-704-2453
vbloggett34,113,555-658-8318
sdunnan35,114,845-357-6373
mbamling36,115,145-376-2749
mpiddlesden37,116,964-635-4501
fwickie38,117,684-801-3914
tplatt39,118,897-101-8781
evlasyev3a,119,277-390-9482
dwand3b,120,800-531-2658
adearnaley3c,121,385-149-4530
tmcgrann3d,122,524-998-6806
sdeem3e,123,425-497-6921
mbolderson3f,124,630-459-8036
vsteiner3g,125,256-401-9213
cflannery3h,126,726-740-0879
dgorse3i,127,675-874-7340
ifenich3j,128,216-536-6644
ltrewartha3k,129,305-603-4689
sdood3l,130,153-273-2225
npennicard3m,131,238-256-2306
hitzkowicz3n,132,560-389-4271
pmurden3o,133,602-479-7788
ccowap3p,134,153-894-6212
jchesley3q,135,850-502-1952
mtrowsdall3r,136,471-394-9172
gbryant3s,137,697-528-6499
nmacronald3t,138,515-782-1746
gbahls3u,139,699-567-5653
twickenden3v,140,766-696-6595
hcolumbine3w,141,302-196-9926
dtock3x,142,296-900-2408
ginman3y,143,876-630-8554
amarwood3z,144,392-538-3599
tbakesef40,145,902-361-9970
cpadell41,146,516-212-1056
wladlow42,147,686-963-5182
jwoan43,148,576-589-8850
imoreman44,149,681-896-5403
ycampagne45,150,201-543-1247
erenachowski46,151,111-952-0071
fnestor47,152,681-121-8129
gjacombs48,153,744-578-6132
jbetteson49,154,274-992-6713
aeronie4a,155,190-954-7494
hhastwell4b,156,813-566-8648
pfery4c,157,993-575-4047
cgoodright4d,158,192-649-9135
mdobrovolny4e,159,180-874-5725
mbidewell4f,160,548-245-1621
cbawden4g,161,257-605-7984
mvodden4h,162,587-668-5287
lgoodie4i,163,842-550-6496
lbeauvais4j,164,933-364-7482
kbanke4k,165,739-690-7119
sarundel4l,166,285-577-9137
gescalero4m,167,641-511-3817
econstable4n,168,895-956-1686
iainscough4o,169,348-299-4775
ndawbury4p,170,612-792-9616
orasor4q,171,563-661-9362
hberlin4r,172,445-928-2769
emcgall4s,173,143-529-6008
kverheijden4t,174,187-976-3321
emaguire4u,175,105-732-9501
lcrampsey4v,176,446-927-9172
jmerwede4w,177,169-611-6694
dgulley4x,178,630-524-8845
gcaroll4y,179,383-421-4403
bbreheny4z,180,612-638-0482
bfahy50,181,701-857-8519
rkershow51,182,402-952-5867
dtawse52,183,198-538-3332
jiskowitz53,184,685-710-2933
dcrawshaw54,185,905-514-4128
btrusdale55,186,391-781-0166
cpidler56,187,602-502-4711
ckegg57,188,852-879-4396
emara58,189,450-617-3863
swheaton59,190,575-150-2712
tsiley5a,191,338-934-1939
doconnell5b,192,347-974-6082
lmcnab5c,193,716-687-2158
ejoesbury5d,194,841-682-3950
sbooler5e,195,418-573-6934
rmeecher5f,196,330-927-5057
sghirigori5g,197,237-915-1091
ctume5h,198,318-875-3369
rburrel5i,199,845-668-4498
kswanwick5j,200,845-665-9690
dwestmacott5k,201,895-226-4697
sbulch5l,202,477-529-0523
ecarley5m,203,738-990-5205
rlevings5n,204,144-837-2580
sreen5o,205,506-962-6818
egabbatt5p,206,643-798-4155
ckerfod5q,207,312-760-9068
adrinnan5r,208,949-471-5086
mscotfurth5s,209,371-623-4336
boxborrow5t,210,813-281-7173
gcarayol5u,211,698-823-6897
pkausche5v,212,272-950-0995
fcummins5w,213,420-702-9000
rivanchenkov5x,214,241-513-4322
xmccart5y,215,509-878-5034
atreasure5z,216,175-777-5789
mfruser60,217,895-907-4055
dbradfield61,218,398-324-7872
cgathercoal62,219,178-777-2996
sperritt63,220,615-604-9223
ebeechcraft64,221,502-916-7360
meburah65,222,717-358-8917
dpoulsom66,223,295-712-7366
odecopeman67,224,849-139-1335
cdowthwaite68,225,924-597-9162
stester69,226,273-495-6555
kfreddi6a,227,660-535-1548
ogouldsmith6b,228,511-522-2315
branken6c,229,483-859-5990
sfarny6d,230,778-630-3031
wwillwood6e,231,493-193-0003
fgreetland6f,232,249-757-2796
aalbasini6g,233,251-426-4557
dpaulsson6h,234,643-212-2151
dbeeken6i,235,190-677-5149
dolford6j,236,480-465-1960
bsandall6k,237,275-320-2194
rtoms6l,238,579-423-2752
vwhyman6m,239,453-883-3276
nipplett6n,240,953-685-7611
kbednell6o,241,192-286-6827
dgueste6p,242,225-456-0533
mhuby6q,243,481-223-9403
lmacalpin6r,244,772-859-4285
irickman6s,245,645-146-4439
askylett6t,246,395-548-5087
kpreddy6u,247,777-916-6614
cbassford6v,248,861-293-4240
lberrygun6w,249,889-705-4425
ftorbard6x,250,981-363-0357
uvowels6y,251,966-264-8893
hjouanet6z,252,562-702-9081
mmidford70,253,105-296-0122
dtrethowan71,254,452-454-5210
bcarwithim72,255,242-183-3796
mfeaveer73,256,223-210-2678
mmallebone74,257,700-895-9706
bgartery75,258,191-343-0229
kmesser76,259,862-382-5809
tshepherdson77,260,426-737-2647
smanneville78,261,334-327-6687
tolivelli79,262,367-474-7088
imoye7a,263,216-997-1905
dlinsay7b,264,712-572-5861
cmarioneau7c,265,478-748-3222
jtreffrey7d,266,327-186-4770
mhaug7e,267,509-455-3391
ljobin7f,268,619-603-9884
vleyton7g,269,429-997-3157
afudge7h,270,163-927-8938
gstanners7i,271,360-228-4502
hcolecrough7j,272,341-558-5559
mgibbie7k,273,851-873-6281
cgobbet7l,274,299-272-6991
nmarking7m,275,366-144-4382
fneubigging7n,276,311-173-4866
nbristowe7o,277,431-646-4653
mmixer7p,278,738-242-2779
rtainton7q,279,992-249-5811
rmcarthur7r,280,851-217-4811
fmacieiczyk7s,281,121-450-1543
gmytton7t,282,614-365-1517
ddufour7u,283,211-854-3011
fgisbye7v,284,452-138-6560
nsketchley7w,285,132-664-6110
kfontel7x,286,748-438-2828
jgawne7y,287,521-897-7992
agooderham7z,288,351-388-3621
kyearron80,289,949-270-2742
bpadmore81,290,845-643-8425
jperillo82,291,785-374-2033
jabbado83,292,173-254-4214
sfynes84,293,177-445-0444
emcgaughay85,294,569-559-9309
abelding86,295,823-447-4499
slorkins87,296,834-363-2294
dfitkin88,297,609-437-3648
ppude89,298,292-899-0387
ebreckell8a,299,929-729-2355
kelnough8b,300,191-111-5912
klemonnier8c,301,596-616-8272
cestrella8d,302,859-180-5916
dkingstne8e,303,933-281-1057
mgerrit8f,304,217-470-5060
dveeler8g,305,626-542-7543
elowne8h,306,440-984-9004
lgrosier8i,307,731-799-4571
nvanhalen8j,308,935-785-5568
dalbion8k,309,100-761-0488
aaucoate8l,310,432-512-8887
blagde8m,311,888-161-7342
dhattigan8n,312,107-250-0453
jbaumer8o,313,935-481-7295
jbengle8p,314,733-832-2925
kfitzpatrick8q,315,113-672-4600
aheliar8r,316,237-557-5833
abrugman8s,317,767-285-9690
srastall8t,318,503-422-3810
fdanniel8u,319,386-958-0292
mgard8v,320,268-316-7972
ahannant8w,321,807-583-6504
aadger8x,322,570-197-6163
jpaiton8y,323,452-989-1082
cpossa8z,324,538-282-0492
jgibbieson90,325,284-480-5531
itertre91,326,768-963-9787
hmacian92,327,482-964-1228
mcoldbreath93,328,285-934-8588
dbent94,329,603-212-4219
zvickars95,330,438-735-3891
prollinshaw96,331,347-940-4080
cclemes97,332,541-437-7665
kaiston98,333,280-413-5040
blowder99,334,753-628-4322
ldoorey9a,335,594-387-0953
dpimerick9b,336,949-619-7239
gdouble9c,337,889-155-3075
jmacdonald9d,338,979-366-6748
fhelbeck9e,339,950-476-8133
dabeles9f,340,585-712-1470
nborrows9g,341,619-927-6993
cgoodlud9h,342,546-603-1976
causting9i,343,624-670-3809
ashilston9j,344,196-818-1956
aradish9k,345,451-338-8722
nroiz9l,346,933-472-6146
mpayze9m,347,617-125-7917
dbelleny9n,348,873-932-5566
zlambarth9o,349,154-100-4133
sespinoy9p,350,465-306-7070
sgiacomucci9q,351,868-563-2486
yottam9r,352,764-870-1006
larnaldo9s,353,958-297-5556
aathersmith9t,354,908-617-1569
oallin9u,355,160-207-7621
edownham9v,356,944-548-0511
lsleaford9w,357,458-409-6045
swhall9x,358,848-781-2089
efindlow9y,359,573-923-8341
egrimsdike9z,360,814-760-8145
dmacquista0,361,314-278-9852
rlovearda1,362,262-692-3450
vgippa2,363,579-468-5330
afanstonea3,364,323-647-3150
sletchera4,365,840-210-5009
wbothena5,366,514-992-8893
espowagea6,367,394-159-6578
rgrewesa7,368,427-821-5951
mscrivinora8,369,140-132-1300
rdalligana9,370,995-314-2542
afortyaa,371,511-612-7226
ivalekab,372,833-770-6859
moddyac,373,241-577-7547
streharnead,374,520-568-2222
msomerlieae,375,605-721-8126
pkeaysellaf,376,347-968-0731
ahumerstoneag,377,245-520-2166
prisbridgeah,378,778-930-5571
hsimmanceai,379,231-299-9033
zbodechonaj,380,982-234-8210
dcaraherak,381,553-154-7517
rwardinglyal,382,805-617-8520
amontezam,383,127-178-7968
mbolanan,384,616-674-8812
kstartonao,385,995-663-3230
bfairlemap,386,417-174-2814
sphysickaq,387,957-886-8009
mpatleyar,388,834-202-0042
aothamas,389,524-176-8083
sporchat,390,348-306-0210
raleksashinau,391,173-984-3302
iroysonav,392,728-113-1808
tfowgiesaw,393,856-262-4577
alonghirstax,394,403-328-5229
kockleshaway,395,775-708-9160
gyakobaz,396,962-648-3247
petchesb0,397,887-847-7068
cholbieb1,398,435-134-0902
ekannb2,399,493-831-5394
wgoolyb3,400,139-746-5482
strussellb4,401,856-575-1708
ksetterfieldb5,402,294-211-5122
acocheb6,403,721-583-0616
aurwinb7,404,458-380-6999
ebiggerdikeb8,405,702-302-9673
jtynnanb9,406,388-340-3707
rfickba,407,379-655-1734
cstandenbb,408,484-676-4471
kglassborowbc,409,444-199-4640
jdavidoffbd,410,538-974-0329
smchardybe,411,779-798-1615
lfarresbf,412,835-209-2131
lyashnovbg,413,481-482-4963
ocuerdalebh,414,637-398-4955
kgrubeybi,415,445-556-8185
gvoulesbj,416,351-337-7783
acomussobk,417,582-306-6109
balbanybl,418,241-868-5711
ggludorbm,419,595-884-0617
cmacnishbn,420,443-366-5291
kmiltonwhitebo,421,868-168-6087
ddeybp,422,140-810-8981
cdranbq,423,138-867-4367
asecretanbr,424,169-851-0457
jdundridgebs,425,227-591-4215
gkingettbt,426,586-398-1099
kriordanbu,427,515-177-0292
cfrohockbv,428,919-874-4628
isawnwybw,429,933-850-2380
nboardmanbx,430,473-926-5898
sainsworthby,431,250-521-2401
hfardenbz,432,256-697-8419
tchoffinc0,433,810-799-5953
cmoringc1,434,113-331-4416
kmcgirlc2,435,447-218-6240
hdollinc3,436,893-494-5323
owhitmarshc4,437,737-981-0132
aloggiec5,438,990-967-5684
hgiacomozzoc6,439,437-258-5178
lcarpenterc7,440,492-778-3642
spyrtonc8,441,501-697-9289
bwiddisonc9,442,985-979-6550
friderca,443,659-740-3505
sridettcb,444,732-870-5226
wgrandcc,445,947-124-2449
kdjoreviccd,446,103-859-7679
klepiscopioce,447,853-754-8508
scorbiecf,448,869-146-7303
sstuckecg,449,169-185-3644
inelanech,450,353-601-1807
cantuschci,451,557-452-0889
bnappincj,452,512-850-7513
alorentzenck,453,156-125-5479
bslotcl,454,984-594-8743
fbearnecm,455,571-146-4292
oaiskriggcn,456,183-636-7075
mlissandreco,457,627-409-3475
bcorkecp,458,674-953-1962
btwallincq,459,280-688-2842
khousbycr,460,422-740-2357
lberrickcs,461,218-167-6276
bnovikct,462,638-674-5145
dcastanhocu,463,356-686-7572
acromettcv,464,555-445-4917
amacevillycw,465,851-289-3530
rciccottocx,466,437-496-9925
kstormonthcy,467,341-822-0461
uhughesdoncz,468,236-895-0402
gerbaind0,469,876-819-4308
dshayd1,470,103-161-6140
lbarnwalld2,471,640-247-2094
iboylundd3,472,409-417-0111
tcapseyd4,473,698-434-2270
dcadored5,474,777-550-5938
jgavind6,475,211-191-4367
hsperryd7,476,348-738-9314
bgilmand8,477,799-410-7404
abansald9,478,815-743-0915
jmanicombda,479,537-388-1763
sslimandb,480,382-541-7937
imishawdc,481,374-697-4429
wgiacobellidd,482,387-673-8804
ddomelowde,483,149-367-3013
kaslingdf,484,748-678-6652
lpennycuickdg,485,175-920-1997
hbreznovicdh,486,577-830-3572
jdumpletondi,487,281-913-0722
ljoselsondj,488,285-936-4573
ckanterdk,489,449-994-3205
ltonepohldl,490,889-770-9786
ggabbidondm,491,684-135-5828
jgamelldn,492,398-983-0861
fshipwaydo,493,870-463-7073
nbeckerdp,494,294-960-8975
lgrealeydq,495,615-961-6536
smcallasterdr,496,814-248-3260
hblyds,497,795-804-2497
iridddt,498,631-622-5239
rcayetdu,499,770-409-7302
isumpnerdv,500,641-378-8744
mskowcraftdw,501,659-881-8937
tallflattdx,502,631-120-4857
brablindy,503,214-229-1299
aminchindendz,504,870-728-2334
fbeavene0,505,844-247-3686
ccarrabotte1,506,235-855-8513
yboottone2,507,537-965-4767
dhavenhande3,508,809-369-0455
rwoodruffe4,509,438-942-4678
vdebischofe5,510,460-216-2034
cpressdeee6,511,239-689-2338
gmontaguee7,512,500-227-4649
bparcalle8,513,904-890-8648
sliklye9,514,531-877-3243
cavisonea,515,826-887-4091
imullarkeyeb,516,795-305-5830
ebransgroveec,517,932-574-9191
jgeryed,518,102-937-1015
tmunroeee,519,705-971-2336
mhogginsef,520,676-957-6681
gdyeteg,521,666-759-5118
iminetteeh,522,315-894-8370
dservisei,523,786-469-2454
pquarringtonej,524,856-883-1724
dmacronaldek,525,804-524-0076
ghugeninel,526,306-996-1103
amealhamem,527,973-662-7965
atyttertonen,528,757-365-4817
jdunstoneo,529,195-432-4635
joppyep,530,146-746-5117
bearengeyeq,531,117-313-7458
ahartiller,532,202-723-0552
mgippes,533,243-682-9597
kalmacket,534,706-573-1213
kvillaeu,535,949-440-8269
mhardwichev,536,109-588-8663
rjeryew,537,696-419-7644
ogaynorex,538,815-574-3311
ccrinidgeey,539,801-521-8971
dwaldrumez,540,485-351-9866
kkemwallf0,541,191-403-0203
afallowf1,542,607-436-8098
hlabesf2,543,969-296-1613
kahmedf3,544,902-790-6861
dmynerf4,545,278-528-7425
prudingerf5,546,579-940-8025
lkayesf6,547,818-976-7984
mstukef7,548,347-673-0344
bbennisonf8,549,264-632-9676
jtubblesf9,550,691-271-3564
dcasettifa,551,195-772-6387
kpowleslandfb,552,502-579-7665
bhurkettfc,553,287-518-0863
eschafflerfd,554,643-692-2407
dmcgeaneyfe,555,140-125-9398
lbroodesff,556,363-247-6851
lbuesdenfg,557,498-323-2351
gjohnsonfh,558,994-364-7396
gmawdittfi,559,637-809-8215
vharmstonfj,560,509-483-3086
dkenforthfk,561,781-361-9900
edodswellfl,562,985-969-2732
gbreemfm,563,253-532-6766
mwallagefn,564,598-215-3961
kmyhanfo,565,560-909-0845
bmullengerfp,566,737-214-3283
mgecksfq,567,830-258-6561
tsnellerfr,568,996-597-7803
cpeltzerfs,569,867-196-7219
kdeavenellft,570,639-881-4081
tashmanfu,571,245-291-7911
dspinnacefv,572,330-200-9730
tshufflebothamfw,573,802-366-3432
cbascombefx,574,231-758-9498
hchawkleyfy,575,845-822-2502
fmapstonfz,576,377-337-6977
cgiblettg0,577,149-350-1496
stinerg1,578,611-513-8875
fmcasparang2,579,579-933-6301
cpamphilong3,580,951-264-5061
mschollerg4,581,729-607-8001
mbremmerg5,582,865-282-8647
slidgeyg6,583,737-298-3940
wmallatrattg7,584,481-193-6219
mfilyashing8,585,561-792-0786
ngookeyg9,586,709-799-2126
gsotheronga,587,751-634-6021
hbhatiagb,588,798-891-7602
bsumsiongc,589,297-545-5630
gkensettgd,590,128-441-1754
ahugillge,591,419-612-6808
esimonougf,592,198-912-3939
pvockingsgg,593,238-356-3747
dwauchopegh,594,156-966-2700
rpulteneyegi,595,242-160-6488
bcystergj,596,802-668-5404
kdooguegk,597,147-441-8812
balesigl,598,263-468-8081
gbouldongm,599,516-351-4634
eruossgn,600,710-745-3990
lstirtlego,601,112-327-9807
cdiggesgp,602,340-473-8558
zuffgq,603,232-674-5848
iclaguegr,604,391-879-0766
mtripetgs,605,950-661-2304
dsherrgt,606,551-338-8378
glangrickgu,607,515-793-1879
aslingergv,608,876-469-8395
koxburghgw,609,765-793-5262
jbeveridgegx,610,386-858-3768
hdetoilegy,611,515-913-6216
cnewcombgz,612,877-236-6475
wbristoeh0,613,908-571-4562
oadrainh1,614,555-113-4842
ipoetzh2,615,319-153-2638
tlarawayh3,616,144-805-3807
hsteptoh4,617,635-643-2598
mdemangeoth5,618,367-951-5042
mloughheadh6,619,423-896-4882
fmainwaringh7,620,605-356-4192
pdrabbleh8,621,955-115-7476
cscotterh9,622,119-355-0588
vperriha,623,508-315-9586
smoxomhb,624,624-931-6014
zstangohc,625,962-478-6161
mpaulerhd,626,837-879-5175
hhalvosenhe,627,181-602-8972
hburburyhf,628,311-232-9483
lsellyhg,629,579-833-7891
ewellstoodhh,630,965-406-6312
ojaouenhi,631,474-545-2213
ekupishj,632,151-401-0571
wairdriehk,633,729-797-9927
ktesyrohl,634,608-279-7710
jfishbournehm,635,754-471-5813
bfarbrotherhn,636,240-114-9792
dbehneckeho,637,107-995-1650
kharlandhp,638,388-229-8709
rmarzellohq,639,324-501-7001
cdwanehr,640,913-308-9192
msowtenhs,641,516-517-0554
dwooffht,642,506-362-7809
gjennawayhu,643,258-800-5627
hstanhopehv,644,481-759-5119
hclowtonhw,645,346-214-8063
sberginhx,646,393-584-1531
jmehewhy,647,705-348-7300
ccawthrahz,648,426-517-9058
cioani0,649,666-205-4082
cbrissoni1,650,102-485-8002
cwallworthi2,651,923-239-2297
cpeeveri3,652,265-335-1027
rbackeni4,653,312-701-9879
rjaimezi5,654,708-236-3517
afearei6,655,639-611-9909
bboodelli7,656,648-633-9486
mdemei8,657,785-473-9598
dmaggiorii9,658,522-864-5641
isarvaria,659,981-414-9846
lkemib,660,467-279-4249
afaulkneric,661,404-213-8618
nfrostdickeid,662,847-320-6314
mboothroydie,663,148-693-1752
dbriggif,664,492-482-8990
llarkingig,665,649-839-4982
ajewkesih,666,661-707-7102
dkennerii,667,483-895-1954
lpierucciij,668,425-232-0586
ggrimbaldestonik,669,103-599-6975
caggettil,670,397-111-7463
cendim,671,214-430-8314
cbangsin,672,615-776-9248
bcleminshawio,673,197-308-5596
kalleynip,674,720-278-1664
nweldiq,675,640-466-7056
jbasileir,676,458-679-4534
fswainis,677,140-271-5324
wmacgaffeyit,678,761-284-6408
acraneiu,679,967-534-5751
lsellaniv,680,485-952-1328
acowderoyiw,681,812-935-7368
kmcgrannix,682,423-353-1609
lgartsydeiy,683,740-377-9282
apringiz,684,590-230-7937
tcranfieldj0,685,250-202-3234
siannazzij1,686,114-201-3458
ftorraj2,687,790-433-2832
edobneyj3,688,118-284-8222
echurcherj4,689,328-405-3463
mfarhertyj5,690,995-764-3875
pdickersonj6,691,348-649-4742
aselwinj7,692,932-315-6504
tpouckj8,693,890-987-1284
vmansfieldj9,694,126-612-3795
jhavertyja,695,277-610-2932
hfuryjb,696,936-408-4711
fboordjc,697,180-655-2572
aradeliffejd,698,582-261-8392
mbaishje,699,796-398-3480
acarasjf,700,684-295-9130
wlebrunjg,701,934-212-5962
lohagirtiejh,702,244-659-2506
jdolphinji,703,265-960-6731
bmatchelljj,704,999-400-2040
hkildayjk,705,180-957-1963
aemilienjl,706,849-119-7881
dlandeauxjm,707,213-984-5719
jredwalljn,708,158-594-1798
fettyjo,709,312-289-5425
cscrimgeourjp,710,455-983-5260
greedyjq,711,570-937-4260
fsarrelljr,712,320-304-5169
bbartheletjs,713,470-648-3419
mtutilljt,714,285-168-8279
kmicheletju,715,102-438-7255
fcutilljv,716,857-659-6027
aabbetsjw,717,246-361-8786
lbournerjx,718,994-522-6106
nmishowjy,719,501-921-5801
mrisbroughjz,720,505-845-0944
dlasslettk0,721,550-784-3486
asturgisk1,722,602-626-9724
mpiggink2,723,462-606-3415
krummink3,724,554-733-3365
ctruwertk4,725,825-164-1582
proomesk5,726,359-989-8114
ddehailesk6,727,548-257-4536
hmainsonk7,728,715-306-6393
bmorphewk8,729,785-372-1106
hrosendalek9,730,421-145-8331
omactrusteyka,731,373-327-8248
rcolicotkb,732,175-188-9738
mgregorikc,733,350-698-7785
relsiekd,734,624-653-4898
cconstantineke,735,497-510-0090
lbellochtkf,736,449-643-2777
adecrucekg,737,237-722-2407
asaltmarshkh,738,481-751-8572
tselwinki,739,540-255-2404
landreevkj,740,936-578-5249
wbrunnenkk,741,288-655-2108
lcrushkl,742,420-725-8464
flockiekm,743,243-379-3617
ckelshawkn,744,456-526-1187
gpudneyko,745,816-617-8738
sornelaskp,746,576-723-5477
hacombkq,747,478-253-8843
jreichardtkr,748,402-657-4037
aleblancks,749,748-260-2331
btoyerkt,750,142-599-7231
allopku,751,325-682-0361
jjackeskv,752,746-916-4930
nnanettikw,753,341-671-0402
nbennionkx,754,801-279-4409
ndorieky,755,721-859-9901
mmeneuxkz,756,695-579-8265
vcalvardl0,757,459-651-3419
obaltzarl1,758,517-598-2618
kpiechel2,759,569-119-6744
kjonuzil3,760,933-189-6899
trunacresl4,761,687-292-1918
amatuszkiewiczl5,762,856-438-9513
mchristerl6,763,996-367-0479
bwildborel7,764,716-169-1525
gpirouetl8,765,375-292-4373
mbailesl9,766,739-487-7794
gkeeneyla,767,168-294-2975
lpettingalllb,768,822-244-9929
raleevylc,769,402-746-2466
amicheld,770,209-230-8997
dandrassyle,771,905-730-7600
wrenaklf,772,805-585-0798
jdudilllg,773,353-361-0598
jrichardeslh,774,509-634-6921
gbuggli,775,913-459-5074
bbromigelj,776,617-975-4429
reasonlk,777,211-398-2022
rtunkinll,778,607-885-1434
striplowlm,779,762-876-7499
ghowtopreserveln,780,919-992-3367
dburgwynlo,781,567-684-7060
jgirauxlp,782,798-904-5220
dsterlinglq,783,808-119-1594
tbuckleslr,784,289-376-4359
rtrobeyls,785,140-147-3457
rdebankelt,786,188-588-3929
kwilkissonlu,787,498-398-8221
abeaconsalllv,788,649-971-7182
nloomeslw,789,634-425-5530
cavramchiklx,790,966-259-9845
osoaperly,791,785-311-1021
gpresleylz,792,174-431-9429
nivym0,793,639-582-7463
qberrowm1,794,332-942-1879
kondrousekm2,795,612-753-2830
gwoodfinem3,796,460-207-3111
sbreamm4,797,336-821-8885
afillism5,798,142-586-8709
gkubinm6,799,743-640-6482
ncurrom7,800,997-250-8474
pmcclenanm8,801,820-504-9552
rkristofferssonm9,802,568-258-9140
zthurlbornma,803,888-773-4421
mzappelmb,804,217-269-1196
fgilbardmc,805,318-262-9076
djanikowskimd,806,111-922-2405
aglencrosme,807,154-680-7736
clantuffmf,808,454-666-5565
ehaylettmg,809,812-261-2438
rsizlandmh,810,794-635-5444
wtodaromi,811,334-394-7077
amatthewmanmj,812,605-555-9065
prewmk,813,266-305-4244
ejosskowitzml,814,927-894-6511
trankingmm,815,354-805-4774
dbelfittmn,816,335-246-0647
oduddellmo,817,496-486-3964
tlaugheranemp,818,575-255-1701
polivellomq,819,372-159-3710
efaudriemr,820,421-360-6457
mperduems,821,584-446-8412
bparncuttmt,822,959-120-0724
dcarbrymu,823,225-143-0450
cdorricottmv,824,825-481-0656
cwerendellmw,825,311-933-6579
mhardwaymx,826,280-689-4108
ldallowmy,827,732-470-7239
spridemz,828,723-121-7484
mjorissenn0,829,238-699-6404
dmohamedn1,830,758-818-7652
fscoulern2,831,248-509-4694
kspeaken3,832,167-404-4052
dgallandren4,833,847-813-7736
rhanmoren5,834,284-355-6098
apolinon6,835,422-483-5633
hbaseyn7,836,130-127-8726
zmattesn8,837,887-451-3000
mhuncoten9,838,319-999-0263
rstandonna,839,162-904-5069
dcotenb,840,427-836-9602
vtimbridgenc,841,669-534-2799
mdelacournd,842,298-538-1215
mcostardne,843,110-217-2657
apeterkennf,844,269-772-5193
dubanksng,845,977-864-0410
spembrynh,846,622-633-9374
esaintni,847,351-477-9462
jhuggardnj,848,612-805-1097
tdambrosionk,849,476-954-4100
aalldridgenl,850,608-796-9474
rtitmusnm,851,279-752-7344
jmacvaughnn,852,870-437-1801
eboltno,853,475-788-2980
mravilusnp,854,254-665-5418
cmuzzillonq,855,378-213-1363
lrobjantnr,856,945-430-5735
sselwayns,857,173-724-5892
sbavisternt,858,576-219-0889
jrivelonnu,859,102-811-6725
mdoohernv,860,828-483-1657
mioannw,861,303-700-9409
vdrewsnx,862,192-814-9748
gslatefordny,863,701-909-3578
pibbsnz,864,341-952-3613
stowneo0,865,194-365-8372
bboylando1,866,373-821-1944
fbrinklero2,867,481-396-9366
ahalshawo3,868,214-237-8254
lpadillao4,869,723-814-3099
rohrto5,870,238-307-8092
vchableo6,871,399-781-2086
jgerhtso7,872,517-859-5144
rtrehero8,873,163-711-4420
awhitecrosso9,874,181-931-5933
nhanabyoa,875,208-871-8671
csawardob,876,893-509-9902
tatwateroc,877,983-112-3518
sambrosiood,878,371-224-3078
ymourantoe,879,973-954-4116
kcourageof,880,494-128-9422
mwoodleyog,881,285-349-0283
elebrunoh,882,949-299-1953
mdavydenkooi,883,585-721-6814
waustingoj,884,784-476-2912
gdrohunok,885,201-747-8516
agraysmarkol,886,309-579-5997
pbowheyom,887,759-636-8024
fhindenburgon,888,634-770-9575
glendremoo,889,733-955-8003
pknightleyop,890,332-329-8561
tgrayleyoq,891,625-835-9348
tpridieor,892,329-107-7595
kgoneyos,893,959-219-7522
fgrzelakot,894,143-786-1700
tboggishou,895,994-959-1624
csnowlingov,896,683-230-8211
lpasheow,897,949-591-4343
bdeaguirreox,898,780-374-5334
dstorrieroy,899,949-381-9530
fwhyborneoz,900,984-203-5538
ppenswickp0,901,410-996-3440
bmattheissenp1,902,243-133-4993
kblewmenp2,903,670-225-0958
acroftp3,904,832-508-8295
hcurnowp4,905,932-474-1734
cmaccip5,906,208-544-4219
dvokinsp6,907,728-290-4114
jbaldacchip7,908,493-517-9898
rbaudouxp8,909,104-224-6839
abeardsleyp9,910,457-944-6391
dclimsonpa,911,301-748-9372
cmollettpb,912,601-934-6012
msprigingspc,913,113-923-7349
grickeardpd,914,474-593-0984
wpeotzpe,915,806-821-2788
acastigliopf,916,966-767-4423
ganearpg,917,371-889-3740
amaeerph,918,749-333-4294
hdignonpi,919,915-994-6031
omccardpj,920,862-398-2531
ewestreypk,921,551-313-1963
cweightmanpl,922,313-519-6133
shardipm,923,654-133-3506
scobbepn,924,409-212-4606
rfinckepo,925,163-831-6000
dhoultpp,926,168-493-6552
bmckagpq,927,833-441-1023
hranscombpr,928,438-864-0877
pcussenps,929,700-476-9486
fgeraghtypt,930,736-272-2387
slambrichtpu,931,186-976-4597
kpurvesspv,932,743-879-4367
jwalthallpw,933,479-337-2888
cfulbrookpx,934,338-728-0986
stalloepy,935,451-385-4673
hgerlingpz,936,865-446-8355
tberrieq0,937,536-703-6733
namerq1,938,403-230-5430
wlargentq2,939,846-445-7245
pdoodsonq3,940,866-396-6648
flonghorneq4,941,710-537-9807
ebradeq5,942,234-392-2879
selsmereq6,943,185-287-4728
mfrontczakq7,944,777-709-1740
adelagnesq8,945,121-490-8360
asalleq9,946,317-770-9762
ajarredqa,947,820-746-6111
awatersonqb,948,266-245-9118
rmacsorleyqc,949,261-453-0456
rtummonsqd,950,202-785-1668
rspierqe,951,164-548-4156
hdickyqf,952,446-220-1575
tantonioniqg,953,848-966-9888
aenrightqh,954,420-411-8445
atreaceqi,955,739-336-0851
rdoodsonqj,956,542-468-7477
jlavielleqk,957,951-913-3665
lcaygillql,958,419-382-2611
ndevericksqm,959,560-808-6378
koulnerqn,960,582-207-7147
eyepiskopovqo,961,874-974-2657
aechallieqp,962,659-851-4564
blightwingqq,963,874-113-0466
bpedrielliqr,964,405-450-8311
bsetonqs,965,338-439-6385
ewinslowqt,966,544-224-9779
asenescallqu,967,415-387-4678
bgaisfordqv,968,143-842-4921
drizziniqw,969,210-252-1020
jcrossonqx,970,349-650-5419
gpiggenqy,971,173-115-1804
emorffewqz,972,783-700-0913
pkirar0,973,292-712-0143
anorledger1,974,857-735-8302
rkemptonr2,975,913-618-0000
ffrankemar3,976,470-348-0873
gmcleoidr4,977,113-403-2986
vwealthallr5,978,620-331-0462
rgamer6,979,668-783-1756
ddominiquer7,980,775-880-0821
msokillr8,981,161-241-1279
kheelr9,982,495-154-6407
skighlyra,983,231-328-1544
nbergstramrb,984,768-194-7032
ndevonishrc,985,184-381-0160
mseegarrd,986,873-644-4792
sbeechre,987,864-966-2948
mjessrf,988,881-240-3934
tokelleherrg,989,668-420-1026
obrattellrh,990,843-162-4505
mklieslri,991,156-762-0709
agoodramrj,992,588-202-5130
wwollrauchrk,993,966-948-4615
lbrandenburgrl,994,622-663-3345
menderm,995,527-760-5878
msavatierrn,996,916-671-6668
awagenro,997,144-498-7631
vheardmanrp,998,450-856-4327
nschottlirq,999,841-929-3325
hiddiensrr,1000,369-540-6678
